"","series","day","doy","shrink_start","shrink_end","shrink_dur","shrink_amp","shrink_slope","exp_start","exp_end","exp_dur","exp_amp","exp_slope","phase_class"
"1","140",2022-06-30,181,2022-06-29 16:00:00,2022-06-30 02:00:00,600,-12,-0.00035353535353753,2022-06-30 02:00:00,2022-06-30 16:00:00,840,90,0.00200198412697817,NA
"2","140",2022-07-01,182,2022-06-30 16:00:00,2022-07-01 02:00:00,600,-16,-0.000464646464642741,2022-07-01 02:00:00,2022-07-01 16:00:00,840,119,0.00263293650792896,NA
"3","140",2022-07-02,183,2022-07-01 16:00:00,2022-07-02 05:00:00,780,-11,-0.000286324786322622,2022-07-02 05:00:00,2022-07-02 16:00:00,660,90,0.00243104118110684,-1
"4","140",2022-07-03,184,2022-07-02 16:00:00,2022-07-03 05:00:00,780,-2,-3.72405372405892e-05,2022-07-03 05:00:00,2022-07-03 15:00:00,600,81,0.00234848484847084,-1
"5","140",2022-07-04,185,2022-07-03 15:00:00,2022-07-04 01:00:00,600,-2,-4.79797979794e-05,2022-07-04 01:00:00,2022-07-04 16:00:00,900,89,0.00194934640522876,NA
"6","140",2022-07-05,186,2022-07-04 16:00:00,2022-07-05 02:00:00,600,-25,-0.000797979797973773,NA,NA,NA,NA,NA,NA
"7","140",2022-07-06,187,NA,NA,NA,NA,NA,2022-07-05 02:00:00,2022-07-06 17:00:00,2340,247,0.0018357567229517,NA
"8","140",2022-07-07,188,2022-07-06 17:00:00,2022-07-07 01:00:00,480,-7,-0.000217592592592588,2022-07-07 01:00:00,2022-07-07 15:00:00,840,48,0.000947420634917681,NA
"9","140",2022-07-08,189,2022-07-07 15:00:00,2022-07-08 01:00:00,600,-10,-0.000249999999997894,2022-07-08 01:00:00,2022-07-08 17:00:00,960,90,0.00196078431367156,NA
"10","140",2022-07-09,190,2022-07-08 17:00:00,2022-07-09 02:00:00,540,-24,-0.000851851851858141,2022-07-09 02:00:00,2022-07-09 16:00:00,840,60,0.00141468253967843,NA
"11","140",2022-07-10,191,2022-07-09 16:00:00,2022-07-10 01:00:00,540,-17,-0.000609427609431774,2022-07-10 01:00:00,2022-07-10 15:00:00,840,65,0.00151388888887092,NA
"12","140",2022-07-11,192,2022-07-10 15:00:00,2022-07-11 02:00:00,660,-31,-0.000914918414933973,2022-07-11 02:00:00,2022-07-11 14:00:00,720,71,0.00171703296704035,-1
"13","140",2022-07-12,193,2022-07-11 14:00:00,2022-07-12 03:00:00,780,-72,-0.00183638583638874,2022-07-12 03:00:00,2022-07-12 16:00:00,780,108,0.00268681318679195,NA
"14","140",2022-07-13,194,2022-07-12 16:00:00,2022-07-13 01:00:00,540,-38,-0.00137205387204316,2022-07-13 01:00:00,2022-07-13 15:00:00,840,149,0.0033630952380567,NA
"15","140",2022-07-14,195,2022-07-13 15:00:00,2022-07-14 01:00:00,600,-18,-0.000520202020205301,2022-07-14 01:00:00,2022-07-14 14:00:00,780,108,0.00232844932845302,NA
"16","140",2022-07-15,196,2022-07-14 14:00:00,2022-07-15 02:00:00,720,-17,-0.000393772893770167,2022-07-15 02:00:00,2022-07-15 15:00:00,780,98,0.00247496947497311,NA
"17","140",2022-07-16,197,2022-07-15 15:00:00,2022-07-16 01:00:00,600,-39,-0.0012752525252427,2022-07-16 01:00:00,2022-07-16 17:00:00,960,116,0.00244825708058041,NA
"18","140",2022-07-17,198,2022-07-16 17:00:00,2022-07-17 01:00:00,480,-1,-1.85185185185101e-05,2022-07-17 01:00:00,2022-07-17 16:00:00,900,62,0.00143423202614379,NA
"19","140",2022-07-18,199,2022-07-17 16:00:00,2022-07-18 01:00:00,540,-18,-0.000604377104364147,2022-07-18 01:00:00,2022-07-18 14:00:00,780,58,0.00128510378510582,NA
"20","140",2022-07-19,200,2022-07-18 14:00:00,2022-07-19 04:00:00,840,-26,-0.000666666666659541,2022-07-19 04:00:00,2022-07-19 15:00:00,660,83,0.00239121989125686,-1
"21","140",2022-07-20,201,2022-07-19 15:00:00,2022-07-20 02:00:00,660,-38,-0.00114219114222369,2022-07-20 02:00:00,2022-07-20 14:00:00,720,83,0.00211843711842302,-1
"22","140",2022-07-21,202,2022-07-20 14:00:00,2022-07-21 02:00:00,720,-50,-0.00128815628816189,2022-07-21 02:00:00,2022-07-21 17:00:00,900,124,0.00279779411764706,NA
"23","140",2022-07-22,203,2022-07-21 17:00:00,2022-07-22 01:00:00,480,-21,-0.000842592592592593,2022-07-22 01:00:00,2022-07-22 15:00:00,840,102,0.00225992063489472,NA
"24","140",2022-07-23,204,2022-07-22 15:00:00,2022-07-23 01:00:00,600,-17,-0.000398989898986501,2022-07-23 01:00:00,2022-07-23 15:00:00,840,71,0.00140773809522072,NA
"25","140",2022-07-24,205,2022-07-23 15:00:00,2022-07-24 02:00:00,660,-25,-0.000663364413376191,2022-07-24 02:00:00,2022-07-24 14:00:00,720,43,0.000993589743582946,-1
"26","140",2022-07-25,206,2022-07-24 14:00:00,2022-07-25 02:00:00,720,-52,-0.00129884004884574,2022-07-25 02:00:00,2022-07-25 14:00:00,720,59,0.00150335775334795,-1
"27","140",2022-07-26,207,2022-07-25 14:00:00,2022-07-26 03:00:00,780,-85,-0.00218131868134328,2022-07-26 03:00:00,2022-07-26 14:00:00,660,81,0.00221348096351649,-1
"28","140",2022-07-27,208,2022-07-26 14:00:00,2022-07-27 01:00:00,660,-61,-0.0016540404040488,2022-07-27 01:00:00,2022-07-27 16:00:00,900,128,0.00291625816993464,NA
"29","140",2022-07-28,209,2022-07-27 16:00:00,2022-07-28 02:00:00,600,-34,-0.0011262626262688,2022-07-28 02:00:00,2022-07-28 14:00:00,720,94,0.00245726495724945,-1
"30","140",2022-07-29,210,2022-07-28 14:00:00,2022-07-29 02:00:00,720,-62,-0.0017216117216375,2022-07-29 02:00:00,2022-07-29 15:00:00,780,79,0.00196214896215171,NA
"31","140",2022-07-30,211,2022-07-29 15:00:00,2022-07-30 03:00:00,720,-83,-0.00230158730159657,2022-07-30 03:00:00,2022-07-30 14:00:00,660,100,0.00277000777005233,NA
"32","140",2022-07-30,211,2022-07-30 14:00:00,2022-07-30 23:00:00,540,-41,-0.00144612794611584,NA,NA,NA,NA,NA,NA
"33","140",2022-07-31,212,NA,NA,NA,NA,NA,2022-07-30 23:00:00,2022-07-31 16:00:00,1020,116,0.00235265451211555,NA
"34","140",2022-08-01,213,2022-07-31 16:00:00,2022-08-01 02:00:00,600,-60,-0.0019469696969556,2022-08-01 02:00:00,2022-08-01 15:00:00,780,89,0.00204700854702803,NA
"35","140",2022-08-02,214,2022-08-01 15:00:00,2022-08-02 01:00:00,600,-43,-0.00149242424241388,2022-08-02 01:00:00,2022-08-02 16:00:00,900,87,0.00199264705882353,NA
"36","140",2022-08-03,215,2022-08-02 16:00:00,2022-08-03 02:00:00,600,-78,-0.00257575757577201,2022-08-03 02:00:00,2022-08-03 14:00:00,720,67,0.00179792429793138,-1
"37","140",2022-08-04,216,2022-08-03 14:00:00,2022-08-04 02:00:00,720,-49,-0.00140567765566901,2022-08-04 02:00:00,2022-08-04 15:00:00,780,111,0.00271978021978379,NA
"38","140",2022-08-05,217,2022-08-04 15:00:00,2022-08-05 01:00:00,600,-41,-0.00132575757574753,2022-08-05 01:00:00,2022-08-05 13:00:00,720,54,0.00121489621490042,-1
"39","140",2022-08-06,218,2022-08-05 13:00:00,2022-08-06 01:00:00,720,-49,-0.001184371184363,2022-08-06 01:00:00,2022-08-06 17:00:00,960,50,0.00108864379085845,NA
"40","140",2022-08-07,219,2022-08-06 17:00:00,2022-08-07 02:00:00,540,-72,-0.00254040404035427,2022-08-07 02:00:00,2022-08-07 14:00:00,720,65,0.00178724053724715,-1
"41","140",2022-08-08,220,2022-08-07 14:00:00,2022-08-08 02:00:00,720,-101,-0.00270909645910799,2022-08-08 02:00:00,2022-08-08 17:00:00,900,133,0.00298815359477124,NA
"42","140",2022-08-09,221,2022-08-08 17:00:00,2022-08-09 01:00:00,480,-27,-0.001125,2022-08-09 01:00:00,2022-08-09 16:00:00,900,94,0.00206576797385621,NA
"43","140",2022-08-10,222,2022-08-09 16:00:00,2022-08-10 03:00:00,660,-42,-0.001356837606874,2022-08-10 03:00:00,2022-08-10 17:00:00,840,54,0.00110218253968038,NA
"44","140",2022-08-11,223,2022-08-10 17:00:00,2022-08-11 02:00:00,540,-33,-0.00122558922559677,2022-08-11 02:00:00,2022-08-11 14:00:00,720,48,0.00107600732598913,-1
"45","140",2022-08-12,224,2022-08-11 14:00:00,2022-08-12 01:00:00,660,-67,-0.00196289821290731,2022-08-12 01:00:00,2022-08-12 14:00:00,780,77,0.00177289377289618,NA
"46","140",2022-08-13,225,2022-08-12 14:00:00,2022-08-13 01:00:00,660,-36,-0.00100912975915944,2022-08-13 01:00:00,2022-08-13 14:00:00,780,51,0.00121672771672948,NA
"47","140",2022-08-14,226,2022-08-13 14:00:00,2022-08-14 01:00:00,660,-57,-0.00165112665117419,2022-08-14 01:00:00,2022-08-14 14:00:00,780,63,0.00149877899878111,NA
"48","140",2022-08-15,227,2022-08-14 14:00:00,2022-08-15 01:00:00,660,-70,-0.00200854700858109,2022-08-15 01:00:00,2022-08-15 14:00:00,780,67,0.00166544566544803,NA
"49","140",2022-08-16,228,2022-08-15 14:00:00,2022-08-16 03:00:00,780,-73,-0.00199633699635793,2022-08-16 03:00:00,2022-08-16 14:00:00,660,75,0.00209498834503885,-1
"50","140",2022-08-17,229,2022-08-16 14:00:00,2022-08-17 02:00:00,720,-89,-0.00235042735043698,2022-08-17 02:00:00,2022-08-17 15:00:00,780,70,0.00174236874238641,NA
"51","140",2022-08-18,230,2022-08-17 15:00:00,2022-08-18 02:00:00,660,-56,-0.00175893550896048,2022-08-18 02:00:00,2022-08-18 14:00:00,720,54,0.00143620268619388,-1
"52","140",2022-08-19,231,2022-08-18 14:00:00,2022-08-19 02:00:00,720,-47,-0.00121642246644138,2022-08-19 02:00:00,2022-08-19 16:00:00,840,120,0.00273710317459627,NA
"53","140",2022-08-20,232,2022-08-19 16:00:00,2022-08-20 01:00:00,540,-53,-0.00195454545453177,2022-08-20 01:00:00,2022-08-20 17:00:00,960,90,0.00183551198257456,NA
"54","140",2022-08-21,233,2022-08-20 17:00:00,2022-08-21 02:00:00,540,-42,-0.00156902356901103,2022-08-21 02:00:00,2022-08-21 14:00:00,720,35,0.000935592185605586,-1
"55","140",2022-08-22,234,2022-08-21 14:00:00,2022-08-22 02:00:00,720,-124,-0.00343406593404404,2022-08-22 02:00:00,2022-08-22 14:00:00,720,85,0.00212912087912855,-1
"56","140",2022-08-23,235,2022-08-22 14:00:00,2022-08-23 01:00:00,660,-63,-0.00197163947166869,2022-08-23 01:00:00,2022-08-23 15:00:00,840,110,0.002539682539656,NA
"57","140",2022-08-24,236,2022-08-23 15:00:00,2022-08-24 02:00:00,660,-76,-0.00237567987574079,2022-08-24 02:00:00,2022-08-24 16:00:00,840,84,0.0018908730158558,NA
"58","140",2022-08-25,237,2022-08-24 16:00:00,2022-08-25 02:00:00,600,-93,-0.00304797979796028,2022-08-25 02:00:00,2022-08-25 15:00:00,780,103,0.00250610500610811,NA
"59","140",2022-08-26,238,2022-08-25 15:00:00,2022-08-26 01:00:00,600,-103,-0.00323232323229935,2022-08-26 01:00:00,2022-08-26 18:00:00,1020,108,0.00220903566105036,NA
"60","140",2022-08-27,239,2022-08-26 18:00:00,2022-08-27 01:00:00,420,-64,-0.00264219576717323,2022-08-27 01:00:00,2022-08-27 15:00:00,840,68,0.00150892857142501,NA
"61","140",2022-08-28,240,2022-08-27 15:00:00,2022-08-28 01:00:00,600,-38,-0.0012247474747382,2022-08-28 01:00:00,2022-08-28 15:00:00,840,40,0.000921626984124592,NA
"62","140",2022-08-29,241,2022-08-28 15:00:00,2022-08-29 01:00:00,600,-57,-0.00186363636364666,2022-08-29 01:00:00,2022-08-29 14:00:00,780,54,0.00127716727716904,NA
"63","140",2022-08-30,242,2022-08-29 14:00:00,2022-08-30 01:00:00,660,-97,-0.00277292152293489,2022-08-30 01:00:00,2022-08-30 15:00:00,840,77,0.00182638888888434,NA
"64","140",2022-08-31,243,2022-08-30 15:00:00,2022-08-31 02:00:00,660,-105,-0.00298174048178574,2022-08-31 02:00:00,2022-08-31 15:00:00,780,155,0.00366056166059734,NA
"65","140",2022-09-01,244,2022-08-31 15:00:00,2022-09-01 01:00:00,600,-111,-0.0036540404040137,2022-09-01 01:00:00,2022-09-01 16:00:00,900,114,0.00249468954248366,NA
"66","140",2022-09-02,245,2022-09-01 16:00:00,2022-09-02 01:00:00,540,-89,-0.00312794612792321,2022-09-02 01:00:00,2022-09-02 15:00:00,840,95,0.00223214285711912,NA
"67","140",2022-09-03,246,2022-09-02 15:00:00,2022-09-03 00:00:00,540,-81,-0.00295622895620631,2022-09-03 00:00:00,2022-09-03 17:00:00,1020,118,0.00216230936820598,NA
"68","140",2022-09-04,247,2022-09-03 17:00:00,2022-09-04 01:00:00,480,-43,-0.00172685185185183,2022-09-04 01:00:00,2022-09-04 15:00:00,840,39,0.000950396825394334,NA
"69","140",2022-09-05,248,2022-09-04 15:00:00,2022-09-05 00:00:00,540,-103,-0.00355387205384478,2022-09-05 00:00:00,2022-09-05 14:00:00,840,103,0.00226884920634336,NA
"70","140",2022-09-06,249,2022-09-05 14:00:00,2022-09-06 01:00:00,660,-70,-0.00196872571875959,2022-09-06 01:00:00,2022-09-06 15:00:00,840,57,0.0013323412698279,NA
"71","140",2022-09-07,250,2022-09-06 15:00:00,2022-09-07 01:00:00,600,-110,-0.00341666666668609,2022-09-07 01:00:00,2022-09-07 16:00:00,900,89,0.00196486928104575,NA
"72","140",2022-09-08,251,2022-09-07 16:00:00,2022-09-08 01:00:00,540,-97,-0.00334848484850612,2022-09-08 01:00:00,2022-09-08 20:00:00,1140,123,0.00196950710107958,NA
"73","140",2022-09-09,252,2022-09-08 20:00:00,2022-09-09 01:00:00,300,-53,-0.00336507936525969,2022-09-09 01:00:00,2022-09-09 14:00:00,780,58,0.00143223443223609,NA
"74","140",2022-09-09,252,2022-09-09 14:00:00,2022-09-09 22:00:00,480,-85,-0.00306481481481484,NA,NA,NA,NA,NA,NA
"75","140",2022-09-10,253,NA,NA,NA,NA,NA,2022-09-09 22:00:00,2022-09-10 14:00:00,960,43,0.00093409586054923,NA
"76","140",2022-09-11,254,2022-09-10 14:00:00,2022-09-11 00:00:00,600,-74,-0.00219191919193145,2022-09-11 00:00:00,2022-09-11 15:00:00,900,143,0.00304003267973856,NA
"77","140",2022-09-12,255,2022-09-11 15:00:00,2022-09-12 00:00:00,540,-53,-0.00201683501681983,2022-09-12 00:00:00,2022-09-12 16:00:00,960,116,0.00223515795210245,NA
"78","140",2022-09-13,256,2022-09-12 16:00:00,2022-09-13 01:00:00,540,-24,-0.00075589225588596,2022-09-13 01:00:00,2022-09-13 16:00:00,900,22,0.00051266339869281,NA
"79","140",2022-09-14,257,2022-09-13 16:00:00,2022-09-14 01:00:00,540,-41,-0.00147474747477956,2022-09-14 01:00:00,2022-09-14 16:00:00,900,38,0.000843545751633987,NA
"80","140",2022-09-15,258,2022-09-14 16:00:00,2022-09-15 01:00:00,540,-69,-0.00248148148149631,2022-09-15 01:00:00,2022-09-15 17:00:00,960,60,0.00118259803919806,NA
"81","140",2022-09-16,259,2022-09-15 17:00:00,2022-09-16 02:00:00,540,-42,-0.00149999999999123,2022-09-16 02:00:00,2022-09-16 15:00:00,780,36,0.000837606837614648,NA
"82","140",2022-09-17,260,2022-09-16 15:00:00,2022-09-17 02:00:00,660,-45,-0.00138306138306733,2022-09-17 02:00:00,2022-09-17 16:00:00,840,55,0.00123214285713112,NA
"83","140",2022-09-18,261,2022-09-17 16:00:00,2022-09-18 00:00:00,480,-48,-0.00194907407407407,2022-09-18 00:00:00,2022-09-18 15:00:00,900,32,0.000684232026143786,NA
"84","140",2022-09-19,262,2022-09-18 15:00:00,2022-09-19 00:00:00,540,-56,-0.00186868686867193,2022-09-19 00:00:00,2022-09-19 14:00:00,840,56,0.00124702380951148,NA
"85","140",2022-09-20,263,2022-09-19 14:00:00,2022-09-20 01:00:00,660,-39,-0.00110139860140344,2022-09-20 01:00:00,2022-09-20 15:00:00,840,37,0.000851190476181624,NA
"86","140",2022-09-20,263,2022-09-20 15:00:00,2022-09-20 20:00:00,300,-2,-7.93650793651807e-05,NA,NA,NA,NA,NA,NA
"87","140",2022-09-22,265,NA,NA,NA,NA,NA,2022-09-20 20:00:00,2022-09-22 15:00:00,2580,92,0.000618608566282868,NA
"88","140",2022-09-23,266,2022-09-22 15:00:00,2022-09-23 02:00:00,660,-58,-0.00181138306141162,2022-09-23 02:00:00,2022-09-23 15:00:00,780,30,0.000715506715519869,NA
"89","140",2022-09-24,267,2022-09-23 15:00:00,2022-09-24 02:00:00,660,-99,-0.00299922299927253,2022-09-24 02:00:00,2022-09-24 15:00:00,780,51,0.00120268620268776,NA
"90","140",2022-09-25,268,2022-09-24 15:00:00,2022-09-25 01:00:00,600,-116,-0.00331818181815725,2022-09-25 01:00:00,2022-09-25 15:00:00,840,85,0.00191964285712411,NA
"91","140",2022-09-26,269,2022-09-25 15:00:00,2022-09-26 00:00:00,540,-98,-0.00326094276096596,2022-09-26 00:00:00,2022-09-26 15:00:00,900,84,0.00187622549019608,NA
"92","140",2022-09-27,270,2022-09-26 15:00:00,2022-09-27 01:00:00,600,-109,-0.00361616161618121,2022-09-27 01:00:00,2022-09-27 16:00:00,900,105,0.00224836601307189,NA
"93","140",2022-09-28,271,2022-09-27 16:00:00,2022-09-28 00:00:00,480,-72,-0.00284259259259258,2022-09-28 00:00:00,2022-09-28 21:00:00,1260,120,0.00166274546708388,NA
"94","140",2022-09-29,272,2022-09-28 21:00:00,2022-09-29 03:00:00,360,-7,-0.00036706349206861,NA,NA,NA,NA,NA,NA
"95","140",2022-09-30,273,NA,NA,NA,NA,NA,2022-09-29 03:00:00,2022-09-30 16:00:00,2220,150,0.00122208240629411,NA
"96","140",2022-10-01,274,2022-09-30 16:00:00,2022-10-01 01:00:00,540,-46,-0.00169865319864078,2022-10-01 01:00:00,2022-10-01 07:00:00,360,7,0.00030753968253655,-1
"97","140",2022-10-02,275,2022-10-01 07:00:00,2022-10-02 01:00:00,1080,-135,-0.00219883040932868,2022-10-02 01:00:00,2022-10-02 15:00:00,840,37,0.000858134920632833,NA
"98","140",2022-10-03,276,2022-10-02 15:00:00,2022-10-03 01:00:00,600,-85,-0.00265656565658108,2022-10-03 01:00:00,2022-10-03 16:00:00,900,79,0.0015686274509804,NA
"99","140",2022-10-04,277,2022-10-03 16:00:00,2022-10-04 04:00:00,720,-49,-0.00140109890109182,2022-10-04 04:00:00,2022-10-04 19:00:00,900,56,0.00100367647058823,NA
"100","140",2022-10-05,278,2022-10-04 19:00:00,2022-10-05 01:00:00,360,-24,-0.00127976190471881,2022-10-05 01:00:00,2022-10-05 20:00:00,1140,33,0.000558061821220464,NA
"101","140",2022-10-06,279,2022-10-05 20:00:00,2022-10-06 01:00:00,300,-10,-0.000658730158750129,2022-10-06 01:00:00,2022-10-06 20:00:00,1140,29,0.000485171261487816,NA
"102","140",2022-10-07,280,NA,NA,NA,NA,NA,2022-10-07 00:00:00,2022-10-07 15:00:00,900,15,0.000241830065359479,NA
"103","140",2022-10-08,281,2022-10-07 15:00:00,2022-10-08 01:00:00,600,-38,-0.00127020202019266,2022-10-08 01:00:00,2022-10-08 15:00:00,840,28,0.000638888888887241,NA
"104","140",2022-10-09,282,2022-10-08 15:00:00,2022-10-09 01:00:00,600,-59,-0.00191161616160224,2022-10-09 01:00:00,2022-10-09 15:00:00,840,31,0.000726190476188594,NA
"105","140",2022-10-10,283,2022-10-09 15:00:00,2022-10-10 01:00:00,600,-77,-0.00252020202021661,2022-10-10 01:00:00,2022-10-10 17:00:00,960,52,0.00108592047929842,NA
"106","140",2022-10-11,284,2022-10-10 17:00:00,2022-10-11 02:00:00,540,-78,-0.00277272727274337,2022-10-11 02:00:00,2022-10-11 13:00:00,660,75,0.00207556332560979,-1
"107","140",2022-10-12,285,2022-10-11 13:00:00,2022-10-12 01:00:00,720,-36,-0.000741758241753311,2022-10-12 01:00:00,2022-10-12 15:00:00,840,43,0.000979166666656473,NA
"108","140",2022-10-13,286,2022-10-12 15:00:00,2022-10-13 00:00:00,540,-57,-0.0018249158249021,2022-10-13 00:00:00,2022-10-13 17:00:00,1020,51,0.00101679853228544,NA
"109","140",2022-10-14,287,2022-10-13 17:00:00,2022-10-14 01:00:00,480,-59,-0.0022824074074074,2022-10-14 01:00:00,2022-10-14 16:00:00,900,60,0.00124754901960784,NA
"110","140",2022-10-15,288,2022-10-14 16:00:00,2022-10-15 01:00:00,540,-73,-0.00259764309762506,2022-10-15 01:00:00,2022-10-15 16:00:00,900,63,0.00131045751633986,NA
"111","140",2022-10-15,288,2022-10-15 16:00:00,2022-10-15 23:00:00,420,-72,-0.00310185185176305,NA,NA,NA,NA,NA,NA
"112","140",2022-10-16,289,NA,NA,NA,NA,NA,2022-10-15 23:00:00,2022-10-16 20:00:00,1260,51,0.000858585858580186,NA
"113","140",2022-10-17,290,NA,NA,NA,NA,NA,2022-10-17 00:00:00,2022-10-17 15:00:00,900,50,0.00102369281045751,NA
"114","140",2022-10-18,291,2022-10-17 15:00:00,2022-10-18 00:00:00,540,-53,-0.00168686868690566,2022-10-18 00:00:00,2022-10-18 14:00:00,840,53,0.00121825396825097,NA
"115","140",2022-10-19,292,2022-10-18 14:00:00,2022-10-19 01:00:00,660,-46,-0.00133352758356601,2022-10-19 01:00:00,2022-10-19 16:00:00,900,51,0.00108700980392157,NA
"116","140",2022-10-20,293,2022-10-19 16:00:00,2022-10-20 00:00:00,480,-57,-0.00212500000000002,2022-10-20 00:00:00,2022-10-20 15:00:00,900,53,0.000998366013071891,NA
"117","140",2022-10-21,294,2022-10-20 15:00:00,2022-10-21 01:00:00,600,-48,-0.00158333333332172,2022-10-21 01:00:00,2022-10-21 15:00:00,840,47,0.000999999999989611,NA
"118","140",2022-10-21,294,2022-10-21 15:00:00,2022-10-21 20:00:00,300,-4,-0.000222222222240338,NA,NA,NA,NA,NA,NA
"119","140",2022-10-22,295,NA,NA,NA,NA,NA,2022-10-21 20:00:00,2022-10-22 18:00:00,1320,98,0.00141029863856414,NA
"120","140",2022-10-23,296,2022-10-22 18:00:00,2022-10-23 06:00:00,720,-3,-3.05250305249725e-05,2022-10-23 06:00:00,2022-10-23 19:00:00,780,40,0.000929792429793425,NA
"121","140",2022-10-24,297,2022-10-23 19:00:00,2022-10-24 04:00:00,540,-15,-0.000535353535356694,NA,NA,NA,NA,NA,NA
"122","140",2022-10-25,298,2022-10-25 17:00:00,2022-10-25 22:00:00,300,-4,-0.000166666666680887,2022-10-24 04:00:00,2022-10-25 17:00:00,2220,47,0.000370512212617962,1
"123","140",2022-10-27,300,NA,NA,NA,NA,NA,2022-10-25 22:00:00,2022-10-27 12:00:00,2280,32,0.000252867746288952,NA
"124","140",2022-10-28,301,2022-10-27 12:00:00,2022-10-28 21:00:00,1980,-29,-0.000208895679484089,NA,NA,NA,NA,NA,NA
"125","140",2022-10-29,302,NA,NA,NA,NA,NA,2022-10-28 21:00:00,2022-10-29 15:00:00,1080,8,0.00012329434697753,NA
"126","140",2022-10-30,303,2022-10-29 15:00:00,2022-10-30 00:00:00,540,-25,-0.000813131313150349,NA,NA,NA,NA,NA,NA
"127","140",2022-11-03,307,2022-11-03 16:00:00,2022-11-03 23:00:00,420,-2,-4.62962962963738e-05,2022-10-30 00:00:00,2022-11-03 16:00:00,6720,103,0.00025430378079684,1
"128","140",2022-11-04,308,2022-11-04 13:00:00,2022-11-04 23:00:00,600,-2,-3.53535353532193e-05,NA,NA,NA,NA,NA,1
"129","140",2022-11-07,311,NA,NA,NA,NA,NA,2022-11-04 23:00:00,2022-11-07 19:00:00,4080,43,0.000189187269110615,NA
"130","140",2022-11-12,316,2022-11-07 19:00:00,2022-11-12 01:00:00,6120,-46,-0.000108668062694246,2022-11-12 01:00:00,2022-11-12 13:00:00,720,9,0.000173992673991571,NA
"131","140",2022-11-12,316,2022-11-12 13:00:00,2022-11-12 20:00:00,420,-1,-1.98412698410899e-05,NA,NA,NA,NA,NA,NA
"132","140",2022-11-14,318,NA,NA,NA,NA,NA,2022-11-12 20:00:00,2022-11-14 16:00:00,2640,12,6.69740887131493e-05,NA
"133","140",2022-11-16,320,2022-11-14 16:00:00,2022-11-16 01:00:00,1980,-84,-0.000693164134341447,NA,NA,NA,NA,NA,NA
"134","140",2022-11-17,321,NA,NA,NA,NA,NA,2022-11-16 01:00:00,2022-11-17 18:00:00,2460,13,5.29400642844378e-05,NA
"135","140",2022-11-19,323,2022-11-17 18:00:00,2022-11-19 07:00:00,2220,-39,-0.000324069008285519,NA,NA,NA,NA,NA,NA
"136","140",2022-11-22,326,2022-11-20 09:00:00,2022-11-22 01:00:00,2400,-21,-0.000122338366240759,NA,NA,NA,NA,NA,NA
"137","140",2022-11-23,327,NA,NA,NA,NA,NA,2022-11-22 01:00:00,2022-11-23 18:00:00,2460,48,0.000347464188927402,NA
"138","140",2022-11-25,329,NA,NA,NA,NA,NA,2022-11-24 23:00:00,2022-11-25 04:00:00,300,3,0.000119047619046816,NA
"139","140",2022-11-26,330,2022-11-25 04:00:00,2022-11-26 00:00:00,1200,-27,-0.000284271284270974,NA,NA,NA,NA,NA,NA
"140","140",2022-11-30,334,2022-11-30 10:00:00,2022-11-30 19:00:00,540,-2,-5.05050505047304e-05,2022-11-28 12:00:00,2022-11-30 10:00:00,2760,20,9.35990338164858e-05,1
"141","140",2022-12-02,336,NA,NA,NA,NA,NA,2022-11-30 19:00:00,2022-12-02 11:00:00,2400,14,0.000114547038327491,NA
"142","140",2022-12-02,336,NA,NA,NA,NA,NA,2022-12-02 13:00:00,2022-12-02 20:00:00,420,15,0.000546737213397819,NA
"143","140",2022-12-04,338,2022-12-02 20:00:00,2022-12-04 07:00:00,2100,-42,-0.000408622908622911,2022-12-04 07:00:00,2022-12-04 22:00:00,900,3,2.36928104575163e-05,NA
"144","140",2022-12-05,339,2022-12-04 22:00:00,2022-12-05 09:00:00,660,-2,-3.01087801088699e-05,NA,NA,NA,NA,NA,NA
"145","140",2022-12-06,340,NA,NA,NA,NA,NA,2022-12-05 09:00:00,2022-12-06 09:00:00,1440,15,0.000143162393162399,NA
"146","140",2022-12-06,340,NA,NA,NA,NA,NA,2022-12-06 12:00:00,2022-12-06 19:00:00,420,5,0.00017526455026067,NA
"147","140",2022-12-07,341,2022-12-06 19:00:00,2022-12-07 02:00:00,420,-2,-4.62962962963738e-05,2022-12-07 02:00:00,2022-12-07 15:00:00,780,10,0.000169719169719326,NA
"148","140",2022-12-08,342,2022-12-07 15:00:00,2022-12-08 15:00:00,1440,-8,-4.70085470085555e-05,NA,NA,NA,NA,NA,NA
"149","140",2022-12-12,346,NA,NA,NA,NA,NA,2022-12-08 15:00:00,2022-12-12 14:00:00,5700,13,1.83728220895846e-05,NA
"150","140",2022-12-13,347,2022-12-12 14:00:00,2022-12-13 07:00:00,1020,-3,-1.60532049075415e-05,2022-12-13 07:00:00,2022-12-13 16:00:00,540,5,0.000116161616162033,-1
"151","140",2022-12-15,349,2022-12-13 16:00:00,2022-12-15 01:00:00,1980,-6,-2.61437908495687e-05,NA,NA,NA,NA,NA,NA
"152","140",2022-12-16,350,2022-12-16 03:00:00,2022-12-16 12:00:00,540,-17,-0.000505050505041949,NA,NA,NA,NA,NA,1
"153","140",2022-12-22,356,NA,NA,NA,NA,NA,2022-12-18 02:00:00,2022-12-22 00:00:00,5640,32,6.78074841358251e-05,NA
"154","140",2022-12-23,357,NA,NA,NA,NA,NA,2022-12-22 12:00:00,2022-12-23 10:00:00,1320,11,8.06982872200012e-05,NA
"155","140",2022-12-24,358,2022-12-23 10:00:00,2022-12-24 19:00:00,1980,-9,-2.23665223664571e-05,NA,NA,NA,NA,NA,NA
"156","140",2022-12-25,359,2022-12-25 18:00:00,2022-12-25 23:00:00,300,-3,-0.000150793650798595,NA,NA,NA,NA,NA,1
"157","140",2022-12-29,363,NA,NA,NA,NA,NA,2022-12-27 08:00:00,2022-12-29 05:00:00,2700,40,0.000256149998286782,NA
"158","140",2022-12-30,364,2022-12-29 05:00:00,2022-12-30 02:00:00,1260,-3,-2.18018696279614e-05,2022-12-30 02:00:00,2022-12-30 16:00:00,840,6,8.82936507927997e-05,NA
"159","140",2022-12-31,365,NA,NA,NA,NA,NA,2022-12-30 20:00:00,2022-12-31 19:00:00,1380,20,0.000177415458936802,NA
"160","140",2023-01-02,2,2022-12-31 19:00:00,2023-01-02 21:00:00,3000,-16,-5.01005530416708e-05,NA,NA,NA,NA,NA,NA
"161","140",2023-01-06,6,2023-01-03 15:00:00,2023-01-06 00:00:00,3420,-63,-0.000260560323465572,2023-01-06 00:00:00,2023-01-06 10:00:00,600,19,0.000537878787876389,-1
"162","140",2023-01-07,7,2023-01-06 10:00:00,2023-01-07 09:00:00,1380,-9,-9.55314009673318e-05,2023-01-07 09:00:00,2023-01-07 20:00:00,660,1,1.06837606841127e-05,-1
"163","140",2023-01-08,8,2023-01-07 20:00:00,2023-01-08 01:00:00,300,-2,-0.000103174603177283,2023-01-08 01:00:00,2023-01-08 17:00:00,960,3,3.26797385621693e-05,NA
"164","140",2023-01-11,11,2023-01-08 17:00:00,2023-01-11 03:00:00,3480,-34,-0.000114926293915166,NA,NA,NA,NA,NA,NA
"165","140",2023-01-12,12,NA,NA,NA,NA,NA,2023-01-11 03:00:00,2023-01-12 14:00:00,2100,10,7.32875732875752e-05,NA
"166","140",2023-01-13,13,2023-01-12 14:00:00,2023-01-13 01:00:00,660,-3,-4.7591297592374e-05,2023-01-13 01:00:00,2023-01-13 07:00:00,360,3,6.94444444432914e-05,NA
"167","140",2023-01-13,13,2023-01-13 07:00:00,2023-01-13 14:00:00,420,-12,-0.000333994708992507,NA,NA,NA,NA,NA,NA
"168","140",2023-01-14,14,NA,NA,NA,NA,NA,2023-01-13 14:00:00,2023-01-14 15:00:00,1500,36,0.0004920227920252,NA
"169","140",2023-01-15,15,2023-01-14 15:00:00,2023-01-15 07:00:00,960,-26,-0.000511301742909468,NA,NA,NA,NA,NA,NA
"170","140",2023-01-16,16,NA,NA,NA,NA,NA,2023-01-15 07:00:00,2023-01-16 09:00:00,1560,26,0.000308189752637594,NA
"171","140",2023-01-16,16,NA,NA,NA,NA,NA,2023-01-16 12:00:00,2023-01-16 17:00:00,300,6,0.000277777777783342,NA
"172","140",2023-01-17,17,2023-01-16 17:00:00,2023-01-17 15:00:00,1320,-3,-1.83904259993064e-05,NA,NA,NA,NA,NA,NA
"173","140",2023-01-18,18,2023-01-17 18:00:00,2023-01-18 18:00:00,1440,-3,-1.2820512820505e-05,NA,NA,NA,NA,NA,NA
"174","140",2023-01-19,19,NA,NA,NA,NA,NA,2023-01-18 18:00:00,2023-01-19 16:00:00,1320,14,0.000143006148441454,NA
"175","140",2023-01-20,20,2023-01-19 16:00:00,2023-01-20 09:00:00,1020,-3,-2.63731223486386e-05,NA,NA,NA,NA,NA,NA
"176","140",2023-01-22,22,NA,NA,NA,NA,NA,2023-01-20 09:00:00,2023-01-22 12:00:00,3060,10,2.74742214254032e-05,NA
"177","140",2023-01-29,29,NA,NA,NA,NA,NA,2023-01-27 11:00:00,2023-01-29 21:00:00,3480,25,0.000136583544386101,NA
"178","140",2023-01-30,30,2023-01-29 21:00:00,2023-01-30 02:00:00,300,-9,-0.00055158730158742,NA,NA,NA,NA,NA,NA
"179","140",2023-01-31,31,NA,NA,NA,NA,NA,2023-01-31 02:00:00,2023-01-31 09:00:00,420,3,7.93650793631504e-05,-1
"180","140",2023-02-02,33,2023-01-31 09:00:00,2023-02-02 03:00:00,2520,-51,-0.000291382820452595,NA,NA,NA,NA,NA,NA
"181","140",2023-02-05,36,2023-02-03 23:00:00,2023-02-05 03:00:00,1680,-5,-3.01039956212726e-05,NA,NA,NA,NA,NA,NA
"182","140",2023-02-08,39,NA,NA,NA,NA,NA,2023-02-05 03:00:00,2023-02-08 18:00:00,5220,80,0.000200237066519515,NA
"183","140",2023-02-11,42,2023-02-08 18:00:00,2023-02-11 02:00:00,3360,-30,-0.000194595684613863,NA,NA,NA,NA,NA,NA
"184","140",2023-02-11,42,2023-02-11 09:00:00,2023-02-11 16:00:00,420,-2,-5.62169312154032e-05,NA,NA,NA,NA,NA,NA
"185","140",2023-02-12,43,NA,NA,NA,NA,NA,2023-02-11 16:00:00,2023-02-12 12:00:00,1200,12,0.000127705627706165,NA
"186","140",2023-02-12,43,NA,NA,NA,NA,NA,2023-02-12 15:00:00,2023-02-12 20:00:00,300,7,0.000349206349213929,NA
"187","140",2023-02-15,46,NA,NA,NA,NA,NA,2023-02-14 02:00:00,2023-02-15 23:00:00,2700,39,0.000216183574879143,NA
"188","140",2023-02-18,49,2023-02-15 23:00:00,2023-02-18 02:00:00,3060,-28,-0.000157137843042355,NA,NA,NA,NA,NA,NA
"189","140",2023-02-20,51,2023-02-19 16:00:00,2023-02-20 00:00:00,480,-1,-1.85185185185101e-05,2023-02-20 00:00:00,2023-02-20 16:00:00,960,4,4.28921568621799e-05,NA
"190","140",2023-02-25,56,NA,NA,NA,NA,NA,2023-02-25 01:00:00,2023-02-25 08:00:00,420,1,2.31481481478784e-05,-1
"191","140",2023-02-27,58,2023-02-26 23:00:00,2023-02-27 08:00:00,540,-3,-7.40740740744928e-05,2023-02-27 08:00:00,2023-02-27 17:00:00,540,6,0.000143097643097194,NA
"192","140",2023-03-01,60,NA,NA,NA,NA,NA,2023-02-27 21:00:00,2023-03-01 16:00:00,2580,15,7.46809177044564e-05,NA
"193","140",2023-03-04,63,2023-03-04 05:00:00,2023-03-04 13:00:00,480,-1,-1.85185185185101e-05,NA,NA,NA,NA,NA,1
"194","140",2023-03-05,64,2023-03-05 00:00:00,2023-03-05 12:00:00,720,-2,-3.20512820511675e-05,2023-03-04 13:00:00,2023-03-05 00:00:00,660,2,1.74825174827041e-05,1
"195","140",2023-03-06,65,NA,NA,NA,NA,NA,2023-03-05 12:00:00,2023-03-06 16:00:00,1680,13,9.72222222222779e-05,NA
"196","140",2023-03-08,67,2023-03-06 16:00:00,2023-03-08 06:00:00,2280,-11,-6.12910481333254e-05,NA,NA,NA,NA,NA,NA
"197","140",2023-03-09,68,NA,NA,NA,NA,NA,2023-03-08 06:00:00,2023-03-09 00:00:00,1080,10,0.000142300194930443,NA
"198","140",2023-03-10,69,2023-03-09 00:00:00,2023-03-10 10:00:00,2040,-8,-4.72300031124149e-05,NA,NA,NA,NA,NA,NA
"199","140",2023-03-11,70,NA,NA,NA,NA,NA,2023-03-10 10:00:00,2023-03-11 15:00:00,1740,19,0.000139321468297452,NA
"200","140",2023-03-12,71,2023-03-11 15:00:00,2023-03-12 21:00:00,1800,-21,-0.000162858422938292,NA,NA,NA,NA,NA,NA
"201","140",2023-03-14,73,NA,NA,NA,NA,NA,2023-03-12 21:00:00,2023-03-14 14:00:00,2460,25,0.000162556608955019,NA
"202","140",2023-03-17,76,2023-03-14 14:00:00,2023-03-17 01:00:00,3540,-45,-0.000125930042295446,2023-03-17 01:00:00,2023-03-17 10:00:00,540,1,1.51515151513563e-05,-1
"203","140",2023-03-18,77,2023-03-17 10:00:00,2023-03-18 09:00:00,1380,-29,-0.000472342995171069,2023-03-18 09:00:00,2023-03-18 17:00:00,480,5,0.000143518518518519,-1
"204","140",2023-03-19,78,2023-03-18 17:00:00,2023-03-19 06:00:00,780,-6,-0.000140415140415313,NA,NA,NA,NA,NA,NA
"205","140",2023-03-20,79,NA,NA,NA,NA,NA,2023-03-19 06:00:00,2023-03-20 17:00:00,2100,57,0.000489310739310751,NA
"206","140",2023-03-22,81,2023-03-20 17:00:00,2023-03-22 01:00:00,1920,-37,-0.000203505644682676,2023-03-22 01:00:00,2023-03-22 14:00:00,780,3,2.19780219779794e-05,NA
"207","140",2023-03-23,82,2023-03-22 14:00:00,2023-03-23 00:00:00,600,-11,-0.000194444444448735,NA,NA,NA,NA,NA,NA
"208","140",2023-03-26,85,NA,NA,NA,NA,NA,2023-03-23 00:00:00,2023-03-26 01:00:00,4380,89,0.00037167372852313,NA
"209","140",2023-03-27,86,NA,NA,NA,NA,NA,2023-03-26 09:00:00,2023-03-27 17:00:00,1920,8,4.27064765298824e-05,NA
"210","140",2023-03-28,87,2023-03-27 17:00:00,2023-03-28 01:00:00,480,-10,-0.000319444444444478,NA,NA,NA,NA,NA,NA
"211","140",2023-03-29,88,NA,NA,NA,NA,NA,2023-03-28 01:00:00,2023-03-29 09:00:00,1920,5,3.22155377303133e-05,NA
"212","140",2023-03-30,89,2023-03-29 13:00:00,2023-03-30 19:00:00,1800,-25,-0.000291330645162289,NA,NA,NA,NA,NA,NA
"213","140",2023-04-02,92,NA,NA,NA,NA,NA,2023-03-30 19:00:00,2023-04-02 22:00:00,4500,62,0.000204818865344951,NA
"214","140",2023-04-05,95,2023-04-05 13:00:00,2023-04-05 23:00:00,600,-4,-4.54545454542795e-05,2023-04-03 07:00:00,2023-04-05 13:00:00,3240,8,1.68550585217543e-05,1
"215","140",2023-04-07,97,NA,NA,NA,NA,NA,2023-04-06 23:00:00,2023-04-07 19:00:00,1200,4,2.70562770564183e-05,NA
"216","140",2023-04-09,99,2023-04-07 19:00:00,2023-04-09 01:00:00,1800,-18,-9.40860215055375e-05,NA,NA,NA,NA,NA,NA
"217","140",2023-04-11,101,NA,NA,NA,NA,NA,2023-04-09 01:00:00,2023-04-11 16:00:00,3780,71,0.000345129985754986,NA
"218","140",2023-04-12,102,2023-04-11 16:00:00,2023-04-12 11:00:00,1140,-2,-2.36006683375298e-05,NA,NA,NA,NA,NA,NA
"219","140",2023-04-15,105,2023-04-12 15:00:00,2023-04-15 01:00:00,3480,-43,-0.000220306513410163,2023-04-15 01:00:00,2023-04-15 16:00:00,900,4,4.12581699346361e-05,NA
"220","140",2023-04-16,106,2023-04-15 16:00:00,2023-04-16 00:00:00,480,-2,-5.09259259259259e-05,NA,NA,NA,NA,NA,NA
"221","140",2023-04-17,107,2023-04-17 11:00:00,2023-04-17 20:00:00,540,-2,-1.34680134680521e-05,2023-04-16 00:00:00,2023-04-17 11:00:00,2100,34,0.000289932789932792,1
"222","140",2023-04-18,108,NA,NA,NA,NA,NA,2023-04-17 20:00:00,2023-04-18 17:00:00,1260,23,0.000319969885183496,NA
"223","140",2023-04-19,109,2023-04-18 17:00:00,2023-04-19 10:00:00,1020,-4,-2.63731223483037e-05,NA,NA,NA,NA,NA,NA
"224","140",2023-04-22,112,NA,NA,NA,NA,NA,2023-04-19 10:00:00,2023-04-22 15:00:00,4620,77,0.000240325778300263,NA
